{
    "RPT": {
        "ScanTime": "0.09 seg.",
        "ScanFile": "20251002_grupo14portfoliodesistemas_1ffa643e000f13768531_20251002210516_scan.json",
        "Warnings": 1,
        "Success": 5
    },
    "SRV": {
        "PHP": {
            "websrv": true,
            "openbase": false,
            "maxtime": false,
            "mysqli": true,
            "version": true
        },
        "SYS": {
            "managedHost": true,
            "ALL": "Warn"
        },
        "WP": {
            "version": true,
            "core": true,
            "ismu": false,
            "ALL": "Good"
        }
    },
    "ARC": {
        "USize": 0,
        "Size": "0B",
        "DirCount": "0",
        "FileCount": "0",
        "UFullCount": 0,
        "FullCount": "0",
        "WarnFileCount": 0,
        "WarnDirCount": 0,
        "UnreadableDirCount": 0,
        "UnreadableFileCount": 0,
        "FilterDirsAll": [
            "\/home\/vol18_1\/infinityfree.com\/if0_39875499\/htdocs\/.opcache",
            "\/home\/vol18_1\/infinityfree.com\/if0_39875499\/htdocs\/wp-content\/ai1wm-backups",
            "\/home\/vol18_1\/infinityfree.com\/if0_39875499\/htdocs\/wp-content\/backups-dup-lite",
            "\/home\/vol18_1\/infinityfree.com\/if0_39875499\/htdocs\/wp-content\/backups-dup-pro",
            "\/home\/vol18_1\/infinityfree.com\/if0_39875499\/htdocs\/wp-content\/backupwordpress",
            "\/home\/vol18_1\/infinityfree.com\/if0_39875499\/htdocs\/wp-content\/bps-backup",
            "\/home\/vol18_1\/infinityfree.com\/if0_39875499\/htdocs\/wp-content\/cache",
            "\/home\/vol18_1\/infinityfree.com\/if0_39875499\/htdocs\/wp-content\/content\/cache",
            "\/home\/vol18_1\/infinityfree.com\/if0_39875499\/htdocs\/wp-content\/contents\/cache",
            "\/home\/vol18_1\/infinityfree.com\/if0_39875499\/htdocs\/wp-content\/infinitewp\/backups",
            "\/home\/vol18_1\/infinityfree.com\/if0_39875499\/htdocs\/wp-content\/managewp\/backups",
            "\/home\/vol18_1\/infinityfree.com\/if0_39875499\/htdocs\/wp-content\/old-cache",
            "\/home\/vol18_1\/infinityfree.com\/if0_39875499\/htdocs\/wp-content\/plugins\/all-in-one-wp-migration\/storage",
            "\/home\/vol18_1\/infinityfree.com\/if0_39875499\/htdocs\/wp-content\/updraft",
            "\/home\/vol18_1\/infinityfree.com\/if0_39875499\/htdocs\/wp-content\/uploads\/aiowps_backups",
            "\/home\/vol18_1\/infinityfree.com\/if0_39875499\/htdocs\/wp-content\/uploads\/backupbuddy_backups",
            "\/home\/vol18_1\/infinityfree.com\/if0_39875499\/htdocs\/wp-content\/uploads\/backupbuddy_temp",
            "\/home\/vol18_1\/infinityfree.com\/if0_39875499\/htdocs\/wp-content\/uploads\/ithemes-security\/backups",
            "\/home\/vol18_1\/infinityfree.com\/if0_39875499\/htdocs\/wp-content\/uploads\/mainwp\/backup",
            "\/home\/vol18_1\/infinityfree.com\/if0_39875499\/htdocs\/wp-content\/uploads\/pb_backupbuddy",
            "\/home\/vol18_1\/infinityfree.com\/if0_39875499\/htdocs\/wp-content\/uploads\/snapshots",
            "\/home\/vol18_1\/infinityfree.com\/if0_39875499\/htdocs\/wp-content\/uploads\/sucuri",
            "\/home\/vol18_1\/infinityfree.com\/if0_39875499\/htdocs\/wp-content\/uploads\/wp-clone",
            "\/home\/vol18_1\/infinityfree.com\/if0_39875499\/htdocs\/wp-content\/uploads\/wp_all_backup",
            "\/home\/vol18_1\/infinityfree.com\/if0_39875499\/htdocs\/wp-content\/uploads\/wpbackitup_backups",
            "\/home\/vol18_1\/infinityfree.com\/if0_39875499\/htdocs\/wp-content\/wfcache",
            "\/home\/vol18_1\/infinityfree.com\/if0_39875499\/htdocs\/wp-content\/wishlist-backup",
            "\/home\/vol18_1\/infinityfree.com\/if0_39875499\/htdocs\/wp-snapshots"
        ],
        "FilterFilesAll": [
            "error_log",
            "error.log",
            "debug_log",
            "ws_ftp.log",
            "dbcache",
            "pgcache",
            "objectcache",
            ".DS_Store",
            "\/home\/vol18_1\/infinityfree.com\/if0_39875499\/htdocs\/.htaccess",
            "\/home\/vol18_1\/infinityfree.com\/if0_39875499\/htdocs\/wp-config.php",
            "\/home\/vol18_1\/infinityfree.com\/if0_39875499\/htdocs\/.htaccess",
            "\/home\/vol18_1\/infinityfree.com\/if0_39875499\/htdocs\/web.config",
            "\/home\/vol18_1\/infinityfree.com\/if0_39875499\/htdocs\/wp-config.php"
        ],
        "FilterExtsAll": [],
        "FilterInfo": {
            "Dirs": {
                "Core": [
                    "\/home\/vol18_1\/infinityfree.com\/if0_39875499\/htdocs\/wp-snapshots",
                    "\/home\/vol18_1\/infinityfree.com\/if0_39875499\/htdocs\/wp-content\/backups-dup-lite",
                    "\/home\/vol18_1\/infinityfree.com\/if0_39875499\/htdocs\/.opcache",
                    "\/home\/vol18_1\/infinityfree.com\/if0_39875499\/htdocs\/wp-content\/backups-dup-pro",
                    "\/home\/vol18_1\/infinityfree.com\/if0_39875499\/htdocs\/wp-content\/ai1wm-backups",
                    "\/home\/vol18_1\/infinityfree.com\/if0_39875499\/htdocs\/wp-content\/backupwordpress",
                    "\/home\/vol18_1\/infinityfree.com\/if0_39875499\/htdocs\/wp-content\/content\/cache",
                    "\/home\/vol18_1\/infinityfree.com\/if0_39875499\/htdocs\/wp-content\/contents\/cache",
                    "\/home\/vol18_1\/infinityfree.com\/if0_39875499\/htdocs\/wp-content\/infinitewp\/backups",
                    "\/home\/vol18_1\/infinityfree.com\/if0_39875499\/htdocs\/wp-content\/managewp\/backups",
                    "\/home\/vol18_1\/infinityfree.com\/if0_39875499\/htdocs\/wp-content\/old-cache",
                    "\/home\/vol18_1\/infinityfree.com\/if0_39875499\/htdocs\/wp-content\/plugins\/all-in-one-wp-migration\/storage",
                    "\/home\/vol18_1\/infinityfree.com\/if0_39875499\/htdocs\/wp-content\/updraft",
                    "\/home\/vol18_1\/infinityfree.com\/if0_39875499\/htdocs\/wp-content\/wishlist-backup",
                    "\/home\/vol18_1\/infinityfree.com\/if0_39875499\/htdocs\/wp-content\/wfcache",
                    "\/home\/vol18_1\/infinityfree.com\/if0_39875499\/htdocs\/wp-content\/bps-backup",
                    "\/home\/vol18_1\/infinityfree.com\/if0_39875499\/htdocs\/wp-content\/cache",
                    "\/home\/vol18_1\/infinityfree.com\/if0_39875499\/htdocs\/wp-content\/uploads\/aiowps_backups",
                    "\/home\/vol18_1\/infinityfree.com\/if0_39875499\/htdocs\/wp-content\/uploads\/backupbuddy_temp",
                    "\/home\/vol18_1\/infinityfree.com\/if0_39875499\/htdocs\/wp-content\/uploads\/backupbuddy_backups",
                    "\/home\/vol18_1\/infinityfree.com\/if0_39875499\/htdocs\/wp-content\/uploads\/ithemes-security\/backups",
                    "\/home\/vol18_1\/infinityfree.com\/if0_39875499\/htdocs\/wp-content\/uploads\/mainwp\/backup",
                    "\/home\/vol18_1\/infinityfree.com\/if0_39875499\/htdocs\/wp-content\/uploads\/pb_backupbuddy",
                    "\/home\/vol18_1\/infinityfree.com\/if0_39875499\/htdocs\/wp-content\/uploads\/snapshots",
                    "\/home\/vol18_1\/infinityfree.com\/if0_39875499\/htdocs\/wp-content\/uploads\/sucuri",
                    "\/home\/vol18_1\/infinityfree.com\/if0_39875499\/htdocs\/wp-content\/uploads\/wp-clone",
                    "\/home\/vol18_1\/infinityfree.com\/if0_39875499\/htdocs\/wp-content\/uploads\/wp_all_backup",
                    "\/home\/vol18_1\/infinityfree.com\/if0_39875499\/htdocs\/wp-content\/uploads\/wpbackitup_backups"
                ],
                "Global": [],
                "Instance": [],
                "Warning": [],
                "Unreadable": [],
                "AddonSites": []
            },
            "Files": {
                "Core": [],
                "Global": [
                    "error_log",
                    "error.log",
                    "debug_log",
                    "ws_ftp.log",
                    "dbcache",
                    "pgcache",
                    "objectcache",
                    ".DS_Store",
                    "\/home\/vol18_1\/infinityfree.com\/if0_39875499\/htdocs\/.htaccess",
                    "\/home\/vol18_1\/infinityfree.com\/if0_39875499\/htdocs\/wp-config.php"
                ],
                "Instance": [],
                "Warning": [],
                "Unreadable": [],
                "AddonSites": [],
                "Size": []
            },
            "Exts": {
                "Core": [],
                "Global": [],
                "Instance": []
            },
            "UDirCount": 0,
            "UFileCount": 0,
            "UExtCount": 0,
            "TreeSize": [],
            "TreeWarning": []
        },
        "RecursiveLinks": [],
        "UnreadableItems": [],
        "Status": {
            "Size": "Good",
            "Names": "Good",
            "UnreadableItems": "Good",
            "MigratePackage": "Good",
            "CanbeMigratePackage": true,
            "showCreateProcFuncStatus": "Good",
            "showCreateProcFunc": true,
            "AddonSites": "Good"
        },
        "Dirs": [],
        "Files": []
    },
    "DB": {
        "Status": {
            "Success": true,
            "DB_Case": "Good",
            "DB_Rows": "Good",
            "DB_Size": "Good",
            "TBL_Case": "Good",
            "TBL_Rows": "Good",
            "TBL_Size": "Good",
            "Triggers": "Good",
            "mysqlDumpMemoryCheck": true,
            "requiredMysqlDumpLimit": "60.73MB"
        },
        "Size": 11253099,
        "Rows": 9457,
        "TableCount": 63,
        "TableList": {
            "wpk4_actionscheduler_actions": {
                "Case": 0,
                "Rows": "17",
                "Size": "23.65KB",
                "USize": "24220"
            },
            "wpk4_actionscheduler_claims": {
                "Case": 0,
                "Rows": "0",
                "Size": "1KB",
                "USize": "1024"
            },
            "wpk4_actionscheduler_groups": {
                "Case": 0,
                "Rows": "8",
                "Size": "9.25KB",
                "USize": "9468"
            },
            "wpk4_actionscheduler_logs": {
                "Case": 0,
                "Rows": "17",
                "Size": "4.8KB",
                "USize": "4912"
            },
            "wpk4_commentmeta": {
                "Case": 0,
                "Rows": "0",
                "Size": "4KB",
                "USize": "4096"
            },
            "wpk4_comments": {
                "Case": 0,
                "Rows": "1",
                "Size": "8.32KB",
                "USize": "8520"
            },
            "wpk4_duplicator_packages": {
                "Case": 0,
                "Rows": "1",
                "Size": "20.05KB",
                "USize": "20528"
            },
            "wpk4_e_events": {
                "Case": 0,
                "Rows": "1",
                "Size": "3.18KB",
                "USize": "3260"
            },
            "wpk4_gla_ads_recommendations": {
                "Case": 0,
                "Rows": "0",
                "Size": "2KB",
                "USize": "2048"
            },
            "wpk4_gla_attribute_mapping_rules": {
                "Case": 0,
                "Rows": "0",
                "Size": "1KB",
                "USize": "1024"
            },
            "wpk4_gla_budget_recommendations": {
                "Case": 0,
                "Rows": "4,230",
                "Size": "222.14KB",
                "USize": "227472"
            },
            "wpk4_gla_merchant_issues": {
                "Case": 0,
                "Rows": "0",
                "Size": "1KB",
                "USize": "1024"
            },
            "wpk4_gla_merchant_price_benchmarks": {
                "Case": 0,
                "Rows": "0",
                "Size": "1KB",
                "USize": "1024"
            },
            "wpk4_gla_shipping_rates": {
                "Case": 0,
                "Rows": "0",
                "Size": "1KB",
                "USize": "1024"
            },
            "wpk4_gla_shipping_times": {
                "Case": 0,
                "Rows": "0",
                "Size": "1KB",
                "USize": "1024"
            },
            "wpk4_links": {
                "Case": 0,
                "Rows": "0",
                "Size": "1KB",
                "USize": "1024"
            },
            "wpk4_options": {
                "Case": 0,
                "Rows": "679",
                "Size": "3.45MB",
                "USize": "3616112"
            },
            "wpk4_postmeta": {
                "Case": 0,
                "Rows": "3,526",
                "Size": "6.06MB",
                "USize": "6356840"
            },
            "wpk4_posts": {
                "Case": 0,
                "Rows": "440",
                "Size": "712.95KB",
                "USize": "730056"
            },
            "wpk4_termmeta": {
                "Case": 0,
                "Rows": "33",
                "Size": "17.83KB",
                "USize": "18260"
            },
            "wpk4_terms": {
                "Case": 0,
                "Rows": "37",
                "Size": "14.21KB",
                "USize": "14556"
            },
            "wpk4_term_relationships": {
                "Case": 0,
                "Rows": "50",
                "Size": "6.05KB",
                "USize": "6191"
            },
            "wpk4_term_taxonomy": {
                "Case": 0,
                "Rows": "37",
                "Size": "5.69KB",
                "USize": "5828"
            },
            "wpk4_usermeta": {
                "Case": 0,
                "Rows": "140",
                "Size": "28.41KB",
                "USize": "29088"
            },
            "wpk4_users": {
                "Case": 0,
                "Rows": "4",
                "Size": "8.77KB",
                "USize": "8976"
            },
            "wpk4_wc_admin_notes": {
                "Case": 0,
                "Rows": "54",
                "Size": "25.36KB",
                "USize": "25972"
            },
            "wpk4_wc_admin_note_actions": {
                "Case": 0,
                "Rows": "78",
                "Size": "19.74KB",
                "USize": "20212"
            },
            "wpk4_wc_category_lookup": {
                "Case": 0,
                "Rows": "4",
                "Size": "2.07KB",
                "USize": "2116"
            },
            "wpk4_wc_customer_lookup": {
                "Case": 0,
                "Rows": "0",
                "Size": "2KB",
                "USize": "2048"
            },
            "wpk4_wc_download_log": {
                "Case": 0,
                "Rows": "0",
                "Size": "1KB",
                "USize": "1024"
            },
            "wpk4_wc_orders": {
                "Case": 0,
                "Rows": "0",
                "Size": "4KB",
                "USize": "4096"
            },
            "wpk4_wc_orders_meta": {
                "Case": 0,
                "Rows": "0",
                "Size": "4KB",
                "USize": "4096"
            },
            "wpk4_wc_order_addresses": {
                "Case": 0,
                "Rows": "0",
                "Size": "4KB",
                "USize": "4096"
            },
            "wpk4_wc_order_coupon_lookup": {
                "Case": 0,
                "Rows": "0",
                "Size": "1KB",
                "USize": "1024"
            },
            "wpk4_wc_order_operational_data": {
                "Case": 0,
                "Rows": "0",
                "Size": "2KB",
                "USize": "2048"
            },
            "wpk4_wc_order_product_lookup": {
                "Case": 0,
                "Rows": "0",
                "Size": "1KB",
                "USize": "1024"
            },
            "wpk4_wc_order_stats": {
                "Case": 0,
                "Rows": "0",
                "Size": "4KB",
                "USize": "4096"
            },
            "wpk4_wc_order_tax_lookup": {
                "Case": 0,
                "Rows": "0",
                "Size": "1KB",
                "USize": "1024"
            },
            "wpk4_wc_product_attributes_lookup": {
                "Case": 0,
                "Rows": "0",
                "Size": "1KB",
                "USize": "1024"
            },
            "wpk4_wc_product_download_directories": {
                "Case": 0,
                "Rows": "2",
                "Size": "9.2KB",
                "USize": "9416"
            },
            "wpk4_wc_product_meta_lookup": {
                "Case": 0,
                "Rows": "3",
                "Size": "11.16KB",
                "USize": "11432"
            },
            "wpk4_wc_rate_limits": {
                "Case": 0,
                "Rows": "0",
                "Size": "4KB",
                "USize": "4096"
            },
            "wpk4_wc_reserved_stock": {
                "Case": 0,
                "Rows": "0",
                "Size": "1KB",
                "USize": "1024"
            },
            "wpk4_wc_tax_rate_classes": {
                "Case": 0,
                "Rows": "2",
                "Size": "9.07KB",
                "USize": "9288"
            },
            "wpk4_wc_webhooks": {
                "Case": 0,
                "Rows": "0",
                "Size": "1KB",
                "USize": "1024"
            },
            "wpk4_woocommerce_api_keys": {
                "Case": 0,
                "Rows": "0",
                "Size": "2KB",
                "USize": "2048"
            },
            "wpk4_woocommerce_attribute_taxonomies": {
                "Case": 0,
                "Rows": "0",
                "Size": "1KB",
                "USize": "1024"
            },
            "wpk4_woocommerce_downloadable_product_permissions": {
                "Case": 0,
                "Rows": "0",
                "Size": "1KB",
                "USize": "1024"
            },
            "wpk4_woocommerce_log": {
                "Case": 0,
                "Rows": "0",
                "Size": "1KB",
                "USize": "1024"
            },
            "wpk4_woocommerce_order_itemmeta": {
                "Case": 0,
                "Rows": "80",
                "Size": "11.44KB",
                "USize": "11712"
            },
            "wpk4_woocommerce_order_items": {
                "Case": 0,
                "Rows": "8",
                "Size": "3.39KB",
                "USize": "3472"
            },
            "wpk4_woocommerce_payment_tokenmeta": {
                "Case": 0,
                "Rows": "0",
                "Size": "1KB",
                "USize": "1024"
            },
            "wpk4_woocommerce_payment_tokens": {
                "Case": 0,
                "Rows": "0",
                "Size": "1KB",
                "USize": "1024"
            },
            "wpk4_woocommerce_sessions": {
                "Case": 0,
                "Rows": "5",
                "Size": "9.43KB",
                "USize": "9656"
            },
            "wpk4_woocommerce_shipping_zones": {
                "Case": 0,
                "Rows": "0",
                "Size": "1KB",
                "USize": "1024"
            },
            "wpk4_woocommerce_shipping_zone_locations": {
                "Case": 0,
                "Rows": "0",
                "Size": "1KB",
                "USize": "1024"
            },
            "wpk4_woocommerce_shipping_zone_methods": {
                "Case": 0,
                "Rows": "0",
                "Size": "1KB",
                "USize": "1024"
            },
            "wpk4_woocommerce_tax_rates": {
                "Case": 0,
                "Rows": "0",
                "Size": "1KB",
                "USize": "1024"
            },
            "wpk4_woocommerce_tax_rate_locations": {
                "Case": 0,
                "Rows": "0",
                "Size": "1KB",
                "USize": "1024"
            },
            "wpk4_wpforms_logs": {
                "Case": 0,
                "Rows": "0",
                "Size": "1KB",
                "USize": "1024"
            },
            "wpk4_wpforms_payments": {
                "Case": 0,
                "Rows": "0",
                "Size": "2KB",
                "USize": "2048"
            },
            "wpk4_wpforms_payment_meta": {
                "Case": 0,
                "Rows": "0",
                "Size": "4KB",
                "USize": "4096"
            },
            "wpk4_wpforms_tasks_meta": {
                "Case": 0,
                "Rows": "0",
                "Size": "1KB",
                "USize": "1024"
            }
        },
        "RawSize": 11253099,
        "EasySize": "10.73MB"
    },
    "LL": {
        "TotalSize": "10.73MB",
        "Status": {
            "TotalSize": "Good"
        }
    }
}