{
    "RPT": {
        "ScanTime": "0.03 seg.",
        "ScanFile": "20250915_grupo14portfoliodesistemas_e2cd5aaac7b167437628_20250915011848_scan.json",
        "Warnings": 1,
        "Success": 5
    },
    "SRV": {
        "PHP": {
            "websrv": true,
            "openbase": false,
            "maxtime": false,
            "mysqli": true,
            "version": true
        },
        "SYS": {
            "managedHost": true,
            "ALL": "Warn"
        },
        "WP": {
            "version": true,
            "core": true,
            "ismu": false,
            "ALL": "Good"
        }
    },
    "ARC": {
        "USize": 0,
        "Size": "0B",
        "DirCount": "0",
        "FileCount": "0",
        "UFullCount": 0,
        "FullCount": "0",
        "WarnFileCount": 0,
        "WarnDirCount": 0,
        "UnreadableDirCount": 0,
        "UnreadableFileCount": 0,
        "FilterDirsAll": [
            "\/home\/vol18_1\/infinityfree.com\/if0_39875499\/htdocs\/.opcache",
            "\/home\/vol18_1\/infinityfree.com\/if0_39875499\/htdocs\/wp-content\/ai1wm-backups",
            "\/home\/vol18_1\/infinityfree.com\/if0_39875499\/htdocs\/wp-content\/backups-dup-lite",
            "\/home\/vol18_1\/infinityfree.com\/if0_39875499\/htdocs\/wp-content\/backups-dup-pro",
            "\/home\/vol18_1\/infinityfree.com\/if0_39875499\/htdocs\/wp-content\/backupwordpress",
            "\/home\/vol18_1\/infinityfree.com\/if0_39875499\/htdocs\/wp-content\/bps-backup",
            "\/home\/vol18_1\/infinityfree.com\/if0_39875499\/htdocs\/wp-content\/cache",
            "\/home\/vol18_1\/infinityfree.com\/if0_39875499\/htdocs\/wp-content\/content\/cache",
            "\/home\/vol18_1\/infinityfree.com\/if0_39875499\/htdocs\/wp-content\/contents\/cache",
            "\/home\/vol18_1\/infinityfree.com\/if0_39875499\/htdocs\/wp-content\/infinitewp\/backups",
            "\/home\/vol18_1\/infinityfree.com\/if0_39875499\/htdocs\/wp-content\/managewp\/backups",
            "\/home\/vol18_1\/infinityfree.com\/if0_39875499\/htdocs\/wp-content\/old-cache",
            "\/home\/vol18_1\/infinityfree.com\/if0_39875499\/htdocs\/wp-content\/plugins\/all-in-one-wp-migration\/storage",
            "\/home\/vol18_1\/infinityfree.com\/if0_39875499\/htdocs\/wp-content\/updraft",
            "\/home\/vol18_1\/infinityfree.com\/if0_39875499\/htdocs\/wp-content\/uploads\/aiowps_backups",
            "\/home\/vol18_1\/infinityfree.com\/if0_39875499\/htdocs\/wp-content\/uploads\/backupbuddy_backups",
            "\/home\/vol18_1\/infinityfree.com\/if0_39875499\/htdocs\/wp-content\/uploads\/backupbuddy_temp",
            "\/home\/vol18_1\/infinityfree.com\/if0_39875499\/htdocs\/wp-content\/uploads\/ithemes-security\/backups",
            "\/home\/vol18_1\/infinityfree.com\/if0_39875499\/htdocs\/wp-content\/uploads\/mainwp\/backup",
            "\/home\/vol18_1\/infinityfree.com\/if0_39875499\/htdocs\/wp-content\/uploads\/pb_backupbuddy",
            "\/home\/vol18_1\/infinityfree.com\/if0_39875499\/htdocs\/wp-content\/uploads\/snapshots",
            "\/home\/vol18_1\/infinityfree.com\/if0_39875499\/htdocs\/wp-content\/uploads\/sucuri",
            "\/home\/vol18_1\/infinityfree.com\/if0_39875499\/htdocs\/wp-content\/uploads\/wp-clone",
            "\/home\/vol18_1\/infinityfree.com\/if0_39875499\/htdocs\/wp-content\/uploads\/wp_all_backup",
            "\/home\/vol18_1\/infinityfree.com\/if0_39875499\/htdocs\/wp-content\/uploads\/wpbackitup_backups",
            "\/home\/vol18_1\/infinityfree.com\/if0_39875499\/htdocs\/wp-content\/wfcache",
            "\/home\/vol18_1\/infinityfree.com\/if0_39875499\/htdocs\/wp-content\/wishlist-backup",
            "\/home\/vol18_1\/infinityfree.com\/if0_39875499\/htdocs\/wp-snapshots"
        ],
        "FilterFilesAll": [
            "error_log",
            "error.log",
            "debug_log",
            "ws_ftp.log",
            "dbcache",
            "pgcache",
            "objectcache",
            ".DS_Store",
            "\/home\/vol18_1\/infinityfree.com\/if0_39875499\/htdocs\/.htaccess",
            "\/home\/vol18_1\/infinityfree.com\/if0_39875499\/htdocs\/wp-config.php",
            "\/home\/vol18_1\/infinityfree.com\/if0_39875499\/htdocs\/.htaccess",
            "\/home\/vol18_1\/infinityfree.com\/if0_39875499\/htdocs\/web.config",
            "\/home\/vol18_1\/infinityfree.com\/if0_39875499\/htdocs\/wp-config.php"
        ],
        "FilterExtsAll": [],
        "FilterInfo": {
            "Dirs": {
                "Core": [
                    "\/home\/vol18_1\/infinityfree.com\/if0_39875499\/htdocs\/wp-snapshots",
                    "\/home\/vol18_1\/infinityfree.com\/if0_39875499\/htdocs\/wp-content\/backups-dup-lite",
                    "\/home\/vol18_1\/infinityfree.com\/if0_39875499\/htdocs\/.opcache",
                    "\/home\/vol18_1\/infinityfree.com\/if0_39875499\/htdocs\/wp-content\/backups-dup-pro",
                    "\/home\/vol18_1\/infinityfree.com\/if0_39875499\/htdocs\/wp-content\/ai1wm-backups",
                    "\/home\/vol18_1\/infinityfree.com\/if0_39875499\/htdocs\/wp-content\/backupwordpress",
                    "\/home\/vol18_1\/infinityfree.com\/if0_39875499\/htdocs\/wp-content\/content\/cache",
                    "\/home\/vol18_1\/infinityfree.com\/if0_39875499\/htdocs\/wp-content\/contents\/cache",
                    "\/home\/vol18_1\/infinityfree.com\/if0_39875499\/htdocs\/wp-content\/infinitewp\/backups",
                    "\/home\/vol18_1\/infinityfree.com\/if0_39875499\/htdocs\/wp-content\/managewp\/backups",
                    "\/home\/vol18_1\/infinityfree.com\/if0_39875499\/htdocs\/wp-content\/old-cache",
                    "\/home\/vol18_1\/infinityfree.com\/if0_39875499\/htdocs\/wp-content\/plugins\/all-in-one-wp-migration\/storage",
                    "\/home\/vol18_1\/infinityfree.com\/if0_39875499\/htdocs\/wp-content\/updraft",
                    "\/home\/vol18_1\/infinityfree.com\/if0_39875499\/htdocs\/wp-content\/wishlist-backup",
                    "\/home\/vol18_1\/infinityfree.com\/if0_39875499\/htdocs\/wp-content\/wfcache",
                    "\/home\/vol18_1\/infinityfree.com\/if0_39875499\/htdocs\/wp-content\/bps-backup",
                    "\/home\/vol18_1\/infinityfree.com\/if0_39875499\/htdocs\/wp-content\/cache",
                    "\/home\/vol18_1\/infinityfree.com\/if0_39875499\/htdocs\/wp-content\/uploads\/aiowps_backups",
                    "\/home\/vol18_1\/infinityfree.com\/if0_39875499\/htdocs\/wp-content\/uploads\/backupbuddy_temp",
                    "\/home\/vol18_1\/infinityfree.com\/if0_39875499\/htdocs\/wp-content\/uploads\/backupbuddy_backups",
                    "\/home\/vol18_1\/infinityfree.com\/if0_39875499\/htdocs\/wp-content\/uploads\/ithemes-security\/backups",
                    "\/home\/vol18_1\/infinityfree.com\/if0_39875499\/htdocs\/wp-content\/uploads\/mainwp\/backup",
                    "\/home\/vol18_1\/infinityfree.com\/if0_39875499\/htdocs\/wp-content\/uploads\/pb_backupbuddy",
                    "\/home\/vol18_1\/infinityfree.com\/if0_39875499\/htdocs\/wp-content\/uploads\/snapshots",
                    "\/home\/vol18_1\/infinityfree.com\/if0_39875499\/htdocs\/wp-content\/uploads\/sucuri",
                    "\/home\/vol18_1\/infinityfree.com\/if0_39875499\/htdocs\/wp-content\/uploads\/wp-clone",
                    "\/home\/vol18_1\/infinityfree.com\/if0_39875499\/htdocs\/wp-content\/uploads\/wp_all_backup",
                    "\/home\/vol18_1\/infinityfree.com\/if0_39875499\/htdocs\/wp-content\/uploads\/wpbackitup_backups"
                ],
                "Global": [],
                "Instance": [],
                "Warning": [],
                "Unreadable": [],
                "AddonSites": []
            },
            "Files": {
                "Core": [],
                "Global": [
                    "error_log",
                    "error.log",
                    "debug_log",
                    "ws_ftp.log",
                    "dbcache",
                    "pgcache",
                    "objectcache",
                    ".DS_Store",
                    "\/home\/vol18_1\/infinityfree.com\/if0_39875499\/htdocs\/.htaccess",
                    "\/home\/vol18_1\/infinityfree.com\/if0_39875499\/htdocs\/wp-config.php"
                ],
                "Instance": [],
                "Warning": [],
                "Unreadable": [],
                "AddonSites": [],
                "Size": []
            },
            "Exts": {
                "Core": [],
                "Global": [],
                "Instance": []
            },
            "UDirCount": 0,
            "UFileCount": 0,
            "UExtCount": 0,
            "TreeSize": [],
            "TreeWarning": []
        },
        "RecursiveLinks": [],
        "UnreadableItems": [],
        "Status": {
            "Size": "Good",
            "Names": "Good",
            "UnreadableItems": "Good",
            "MigratePackage": "Good",
            "CanbeMigratePackage": true,
            "showCreateProcFuncStatus": "Good",
            "showCreateProcFunc": true,
            "AddonSites": "Good"
        },
        "Dirs": [],
        "Files": []
    },
    "DB": {
        "Status": {
            "Success": true,
            "DB_Case": "Good",
            "DB_Rows": "Good",
            "DB_Size": "Good",
            "TBL_Case": "Good",
            "TBL_Rows": "Good",
            "TBL_Size": "Good",
            "Triggers": "Good",
            "mysqlDumpMemoryCheck": true,
            "requiredMysqlDumpLimit": "56.63MB"
        },
        "Size": 6951648,
        "Rows": 2609,
        "TableCount": 22,
        "TableList": {
            "wpk4_actionscheduler_actions": {
                "Case": 0,
                "Rows": "6",
                "Size": "20.52KB",
                "USize": "21012"
            },
            "wpk4_actionscheduler_claims": {
                "Case": 0,
                "Rows": "0",
                "Size": "1KB",
                "USize": "1024"
            },
            "wpk4_actionscheduler_groups": {
                "Case": 0,
                "Rows": "4",
                "Size": "9.15KB",
                "USize": "9368"
            },
            "wpk4_actionscheduler_logs": {
                "Case": 0,
                "Rows": "6",
                "Size": "4.28KB",
                "USize": "4384"
            },
            "wpk4_commentmeta": {
                "Case": 0,
                "Rows": "0",
                "Size": "4KB",
                "USize": "4096"
            },
            "wpk4_comments": {
                "Case": 0,
                "Rows": "1",
                "Size": "7.32KB",
                "USize": "7496"
            },
            "wpk4_duplicator_packages": {
                "Case": 0,
                "Rows": "0",
                "Size": "1KB",
                "USize": "1024"
            },
            "wpk4_e_events": {
                "Case": 0,
                "Rows": "1",
                "Size": "3.18KB",
                "USize": "3260"
            },
            "wpk4_links": {
                "Case": 0,
                "Rows": "0",
                "Size": "1KB",
                "USize": "1024"
            },
            "wpk4_options": {
                "Case": 0,
                "Rows": "340",
                "Size": "2.29MB",
                "USize": "2403596"
            },
            "wpk4_postmeta": {
                "Case": 0,
                "Rows": "1,863",
                "Size": "3.85MB",
                "USize": "4038264"
            },
            "wpk4_posts": {
                "Case": 0,
                "Rows": "251",
                "Size": "374.82KB",
                "USize": "383812"
            },
            "wpk4_termmeta": {
                "Case": 0,
                "Rows": "5",
                "Size": "10.95KB",
                "USize": "11212"
            },
            "wpk4_terms": {
                "Case": 0,
                "Rows": "4",
                "Size": "13.14KB",
                "USize": "13456"
            },
            "wpk4_term_relationships": {
                "Case": 0,
                "Rows": "12",
                "Size": "3.25KB",
                "USize": "3324"
            },
            "wpk4_term_taxonomy": {
                "Case": 0,
                "Rows": "4",
                "Size": "4.16KB",
                "USize": "4256"
            },
            "wpk4_usermeta": {
                "Case": 0,
                "Rows": "108",
                "Size": "23.31KB",
                "USize": "23872"
            },
            "wpk4_users": {
                "Case": 0,
                "Rows": "4",
                "Size": "8.77KB",
                "USize": "8976"
            },
            "wpk4_wpforms_logs": {
                "Case": 0,
                "Rows": "0",
                "Size": "1KB",
                "USize": "1024"
            },
            "wpk4_wpforms_payments": {
                "Case": 0,
                "Rows": "0",
                "Size": "2KB",
                "USize": "2048"
            },
            "wpk4_wpforms_payment_meta": {
                "Case": 0,
                "Rows": "0",
                "Size": "4KB",
                "USize": "4096"
            },
            "wpk4_wpforms_tasks_meta": {
                "Case": 0,
                "Rows": "0",
                "Size": "1KB",
                "USize": "1024"
            }
        },
        "RawSize": 6951648,
        "EasySize": "6.63MB"
    },
    "LL": {
        "TotalSize": "6.63MB",
        "Status": {
            "TotalSize": "Good"
        }
    }
}